smart_institution5,count
A.T. Still University,1
Aberdeen Royal Infirmary,1
Abilene Christian University,1
Abington Jefferson Health,5
Abington Memorial Hospital,13
Abrazo Central Hospital,2
Academic Medical Center,1
Acclivus Inc. Chicago,1
Addis Ababa University,3
Adventhealth Cancer Institute,1
Adventhealth Orlando,7
Adventhealth Tampa,2
Advocate Lutheran General Hospital,1
Affiliated Zhongda Hospital,1
Aga Khan University Medical College,57
Ahmadu Bello University,3
Aichi Cancer Center,1
Akron General Medical Center,1
Alabama College Of Osteopathic Medicine,1
Albany Medical College,23
Albert Einstein College Of Medicine,26
Alfred Health,1
All Children'S Hospital Johns Hopkins Medicine,2
Allegheny General Hospital,3
Allegheny Health Network Cancer Institute,4
Allies For Health,1
American Board Of Surgery,1
American College Of Surgeons,11
Ankara Yildirim Beyazit University,1
Ann & Robert H Lurie Children'S,1
Ann & Robert H Lurie Children'S Hospital Of Chicago,2
Ann & Robert H. Lurie Children'S Hospital,4
Ann & Robert H. Lurie Children'S Hospital Of Chicago,20
Ann And Robert H Lurie Children'S Hospital Of Chicago,4
Ann And Robert H. Lurie Children'S Hospital,2
Ann And Robert H. Lurie Children'S Hospital Of Chicago,10
Ann Arbor Va Healthcare System,1
Anne Arundel Medical Center,6
Anne Marion Burnett School Of Medicine At Texas Christian University,1
Antiguo Hospital Civil De Guadalajara,1
Ariadne Labs,5
Arkansas Children'S Hospital,2
Asahi General Hospital,1
Ascension Providence Hospital,8
Ascension St. Vincent Hospital,1
Atrium Health,3
Augusta University,5
Austin Health,5
Banner Md Anderson Cancer Center,2
Banner University Medical Center - Tucson - Banner Health,1
Banner University Medical Center- Phoenix,1
Bassett Medical Center,2
Baylor College Of Medicine,227
Baylor College Of Medicine & Texas Children'S Hospital,8
Baylor Scott & White All Saints Medical Center,2
Baylor Scott & White Health,1
Baylor Scott & White Medical Center-Temple,1
Baystate Medical Center,9
Beaumont Health System,5
Beth Israel Deaconess Medical Center,92
Beth Israel Lahey Hospital,1
Bethany Kids At Aic Kijabe Hospital,1
Bidmc,1
Birmingham Va Medical Center,1
Birmingham Veteran'S Affairs Medical Center,2
Bolan Medical Complex Hospital,2
Boston Children'S Hospital,14
Boston University,60
Boulder Community Health,1
Brandenburg Medical School,1
Brandon Regional Hospital,6
Brigham And Women'S Hospital,174
Brigham Young University,1
Bronx Care (Lebanon) Hospital,1
Bronx- Lebanon Hospital Center,1
Brooke Army Medical Center,8
Brooklyn Hospital Center,1
Brookwood Baptist Health System,2
Broward Health Medical Center,17
Broward Health North,2
Brown University School Of Medicine,51
Burnett School Of Medicine At Tcu,1
C.S. Mott Children'S Hospital,1
C.S.Mott Children'S Hospital,1
California Northstate University,7
California Northstate University College Of Medicine,2
California Northstate Unversity,1
Cancer Institute Hospital,1
Cardinal Glennon Childrens Medical Center,2
Cardiovascular Outcomes Research Laboratories (Corelab),4
Carilion Clinic,3
Carle Foundation Hospital,1
Carle Illinois College Of Medicine,1
Carnegie Mellon University,1
Carolinas Medical Center,40
Case Western Reserve University School Of Medicine,36
Cedars-Sinai Medical Center,49
Center For Fetal And Placental Research,1
Center For Fetal Cellular And Molecular Therapy,2
Center For Global Surgical Studies,1
Center For Healthcare Outcomes & Policy (Chop),1
Center For Innovations In Quality,1
Center For Perinatal Research,1
Center For Surgery And Public Health,5
Center For Surgical Outcomes Research,2
Center For Translational Injury Research,2
Center Of Advanced Surgical Oncology,1
Central Michigan University College Of Medicine,8
Centre For Biomedical Technologies,1
Centre For Research On The Epidemiology Of Disasters -  Universitt Catholique De Louvain,1
Centre Hospitalier De L'Universit De Montral,1
Centro Mtdico Abc,1
Chandler Regional Medical Center,1
Chang Gung Memorial Hospital,1
Cheikh Anta Diop University,3
Chelsea And Westminster Hospital Nhs Trust,1
Chiba Rosai Hospital,2
Chicago Medical School - Rosalind Franklin University Of Medicine And Science,2
Chicago Medical School At Rosalind Franklin University,1
Children Hospital Of Illinois / Osf Saint Francis Medical Center,2
Children Mercy'S Hospital,1
Children'S Health,1
Children'S Hospital At Oklahoma University Medicine,1
Children'S Hospital Boston,14
Children'S Hospital Colorado,26
Children'S Hospital Los Angeles,61
Children'S Hospital Los Angeles/The Saban Research Institute,1
Children'S Hospital Of Michigan,1
Children'S Hospital Of Philadelphia,4
Children'S Hospital Of Pittsburgh Of Upmc,10
Children'S Hospital Of Wisconsin,10
Children'S Medical Center,5
Children'S Medical Center Dallas,1
Children'S Memorial Hermann Hospital,6
Children'S Mercy Hospital,1
Children'S Mercy Hospital- University Of Missouri Kansas City,26
Children'S Mercy Hospital-University Of Missouri Kansas City,51
Children'S National Health System,1
Children'S National Hospital,2
Children'S Of Alabama,2
Childrens Hospital Of Philadelphia Research Institute,1
Chittagong Medical College Hospital,1
Chop Center For Fetal Research,1
Christian Medical College,1
Christiana Care,2
Cinch Valley Medical Center,1
Cincinnati Children'S Hospital Medical Center,20
Cincinnati Children'S Hospital Medical Center (Cchmc),1
Cincinnati Childrens Hospital And Medical Center,1
Cincinnati Childrens'S Hospital Medical Center,1
City Of Hope National Medical Center,18
Cleveland Clinic,29
Cmc Hospital,1
Cohen Children'S Medical Center,4
Cohen Children'S Medical Center At Northwell Health,3
Columbia University Irving Medical Center,27
Compaeros En Salud,2
Concord Repatriation General Hospital,6
Conemaugh Memorial Medical Center,4
Cook County Health,2
Cooper University Hospital,19
Creighton University Medical Center,17
Crown Princess Mary Cancer Centre,1
Crozer Chester Medical Center,4
Crozer Health,1
Crozer-Keystone Medical Center,2
Cuny School Of Medicine,1
Dalhousie University,1
Dana Farber Cancer Insititute,1
Darlington Memorial Hospital,1
Dartmouth Hitchcock Medical Center,63
Data Science Center For The Study Of Surgery,1
Dayanand Medical College & Hospital,1
Delray Medical Center,39
Denis And Lenora Foretia Foundation,1
Denver Health Medical Center,6
Department Of Emergency Medicine,2
Department Of Epidemiology,1
Department Of Hepatobiliary Surgery And Institute Of Advanced Surgical Technology And Engineering,1
Department Of Pediatric Surgery,1
Department Of Plastic And Reconstructive Surgery,2
Department Of Surgery,10
Dept. Of Otorhinolaryngology,1
Derby Hospitals Nhs Foundation Trust,1
Detroit Medical Center,4
Digestive Health Institute,2
Division Of Cardiac Surgery,1
Division Of Child And Adolescent Health,1
Division Of General Surgery,2
Divisions Of Pediatric Surgery And Surgical Research,1
Donald & Barbara Zucker School Of Medicine At Hofstra/Northwell,2
Donald And Barbara Zucker School Of Medicine At Hofstra/Northwell,16
Dorrington Medical Associates,1
Dow University Of Health Sciences,2
Drexel University College Of Medicine,22
Drexel University/Hahnemann University Hospital,2
Duke Children'S Health Center,1
Duke University Medical Center,138
Durban Unniversity Of Technology,1
Durham Veterans Affairs Medical Center,1
East Carolina University,1
East Carolina University Brody School Of Medicine,23
East Hospital,1
East Tennessee State University,11
East Texas Medical Center,1
Eastern Hepatobiliary Surgery Hospital,3
Eastern Regional Hospital,1
Eastern Virginia Medical School,14
Edward Via College Of Osteopathic Medicine,1
Einstein Healthcare Network,3
Einstein Medical Center Philadelphia,1
Elective Medical Student,1
Elmhurst Hospital Center,1
Emergency & Critical Care Medicine,1
Emory University School Of Medicine,67
Envision Healthcare,1
Epsom And St Helier University Hospitals Nhs Trust,1
Erie County Medical Center,2
Faculty Of Health Sciences,3
Faculty Of Medical Sciences,1
Faculty Of Medicine,2
Federal Medical Centre Abuja,1
Federal University Of Health Sciences Of Porto Alegre,5
Federal University Of Parana,2
Federal University Of Rio Grande Do Norte (Ufrn),1
Feinstein Institute For Molecular Medicine,1
Firefighters Burn And Surgical Research Laboratory,5
Fiu,2
Florida Atlantic University,15
Florida Hospital,4
Florida International University,2
Florida State,1
Florida State University College Of Medicine,7
Florida State University College Of Medicine/Sarasota Memorial Health Care System,3
Florida State Universty,1
Forbes Regional Hospital,1
Fordham University,1
Fox Chase Cancer Center,50
Frank H. Netter Md School Of Medicine,2
Fukushima Medical University School Of Medicine,1
Fuwai Hospital,1
G4 Alliance,1
Galway Clinic,3
Geisinger Commonwealth School Of Medicine,8
Geisinger Medical Center,25
General University Hospital Gregorio Maran,1
George Mason University,1
George Washington University,27
Georgetown University Medical Center,67
Georgia Trauma Commission,1
Glasgow Royal Infirmary,1
Goshen Center For Cancer Care,1
Graduate Institute Of Anatomy And Cell Biology,1
Grady Health System,1
Grady Memorial Hospital,2
Great Ormond Street Institute Of Child Health,1
Greater Los Angeles Veterans Administration Healthcare System,1
Griffith University,1
Groote Schuur Hospital,1
Guangdong Hospital Of Tcm,2
Guangdong Hospital Of Traditional Chinese Medicine,1
Guangdong Provincial Hospital Of Chinese Medicine,2
Gundersen Health System,1
Gunma University Graduate School Of Medicine,1
Guobin Chen,1
Guthrie Clinic,14
Guthrie Robert Packer Hospital,14
Hackensack Meridian Health,7
Hadassah-Hebrew University Medical Center,2
Hagey Laboratory For Pediatric Regenerative Medicine,5
Hamad Medical Corporation,2
Harbor-Ucla Medical Center,12
Harbor-University Of California Los Angeles Medical Center,2
Harlem Hospital,1
Hartford Hospital,2
Harvard Business School,1
Harvard Medical School,73
Hatton Research Institute,1
Hca Healthcare,5
Hca Medical City Arlington,1
Hca/Usf Regional Medical Center Bayonet Point,3
Henry Ford Health System,16
Hepatobiliary And Pancreatic Unit Hospital Pablo Tob=N Uribe (Hptu) <Sup>2</Sup>Liver Transplant Program Hptu  Universidad De Antioquia (Udea) <Sup>3</Sup>Gastrohepatology Group Udea  Epidemiology Group Universidad Ces,1
Highland Hospital,1
Hiroshima University,1
Hofstra North Shore Lij School Of Medicine,1
Hofstra North Shore-Lij School Of Medicine,2
Hofstra Northwell School Of Medicine,3
Hoftstra Northwell School Of Medicine,1
Hokkaido University,1
Holy Cross Hospital,14
Honorary,1
Hopital Universitaire De Mirebalais,1
Hospital Episcopal San Lucas,1
Hospital For Sick Children,1
Hospital Of The University Of Pennsylvania,256
Hospital Pedro De Bethancourt,1
Hospital Universitario Calixto Garca,1
Hospital Universitario San Ignacio,3
Houston Methodist Hospital,17
Howard Hughes Medical Institute,1
Howard University College Of Medicine,54
Hunter New England Health,1
Hunter New England Local Health District,1
Huntington Hospital/Northwell Health,1
Huntsman Cancer Institute At The University Of Utah,2
Hurley Medical Center,2
Hyogo College Of Medicine,3
Hyogo Emergency Medical Center,2
Ibm Watson Health,2
Ichihara Hospital,1
Imperial College Healthcare Nhs Trust,1
Imperial College London,9
Imperial College Trust,1
Indiana University School Of Medicine,194
Inova Fairfax Hospital,7
Inspira Health Network,2
Institute Of Clinical Medicine,1
Institute Of Medical Science,1
Instituto Nacional De Cancerologa,2
Intermountain Medical Center,5
Intermountain Primary Children'S Hospital,2
International Center For Automotive Medicine,2
International Rescue Committee,1
Iu School Of Medicine,2
Jaber Alahmad Alsabah Hospital,1
Jamaica Hospital Medical Center,1
Japanese Red Cross Maebashi Hospital,1
Jefferson Pancreatic,1
Jefferson Univeristy Hospital,2
Jellison Cancer Institute/ Florida State University,1
Jellison Cancer Institute/ Florida State University College Of Medicine,1
Jellison Cancer Institute/Florida State University College Of Medicine,1
Jesse Brown Va Medical Center,1
Joe Dimaggio Children'S Hospital,1
John D. Dingell Va Medical Center,1
John H. Stroger,2
John Hunter Hospital,10
John Peter Smith Hospital,4
John R. Oishei Children'S Hospital,2
John Wayne Cancer Institute/Providence St. John'S Medical Center,1
Johns Hopkins All Children'S Hospital,9
Johns Hopkins University School Of Medicine,246
Kagoshima University,1
Kampala International University Western Campus,1
Kamuzu Central Hospital,1
Kansas City University,2
Karmanos Cancer Institute,1
Karolinska Institutet,1
Kashiwa Kosei General Hospital,1
Kaweah Delta Medical Center,2
Kaweah Health Medical Center,2
Keck Medical Center Of University Of Southern California,1
Keck School Of Medicine,5
Keck School Of Medicine Of The University Of Southern California,1
Keio Universiry,1
Keio University School Of Medicine,8
Kendall Regional Medical Center,2
Kibungo Referral Hospital,1
Kidsor,1
Kinan Hospita,1
King Chulalongkorn Memorial Hospital,1
King Edward Medical University,3
King Faisal Specialist Hospital & Research Center,5
King George Medical University,4
King George'S Medical University (Kgmu),1
King'S College Hospital Nhs Foundation Trust,1
King'S College London,7
King'S Mill Hospital,1
Kings County Hospital Center,7
Kobe University Graduate School Of Medicine,9
Komfo Anokye Teaching Hospital,2
Kyoto University,1
Kyushu University,5
Laboratory For Fetal And Regenerative Biology,11
Laboratory For Regenerative Tissue Repair,1
Lac+Usc Medical Center,6
Lagos University Teaching Hospital,1
Lahey Hospital And Medical Center,5
Lankenau Medical Center,1
Larkin Community Hospital,2
Latin American School Of Medicine (Elam),1
Le Bonheur Children'S Hospital,3
Lebanon Valley College,1
Legacy Good Samaritan Medical Center,1
Lehigh Valley Health Network,15
Leiden University Medical Center,1
Lenox Hill Hospital,3
Lewis Katz School Of Medicine,6
Lincoln Medical Center,1
Liver And Pancreas Transplant Center,3
Loma Linda University Children'S Hospital,6
Loma Linda University School Of Medicine,8
Louisiana State University Health Sciences Center,64
Loyola University Chicago,1
Loyola University Chicago Stritch School Of Medicine,34
Loyola University Medical Center,28
Loyola Universtiy Medical Center,1
Macquarie University,1
Madigan Army Medical Center,11
Magee-Womens Research Institute,1
Maine Medical Center,7
Makerere University,2
Marian University College Of Osteopathic Medicine,2
Marin General Hospital,1
Marin Health Medical Center,2
Marshall Institute For Interdisciplinary Research,1
Marshall University Joan C. Edwards School Of Medicine,1
Marshall University School Of Medicine,14
Marshfield Clinic Health Center,2
Mary Bridge Children'S Health Center,1
Massachusetts General Hospital,195
Mater Adult Brisbane Hospital,1
Mater Infirmorum,1
Matsushima Hospital,1
Maulana Azad Medical College,1
Mayo Clinic,68
Mayo Clinic - Florida,12
Mayo Clinic - Rochester,1
Mayo Clinic In Arizona,3
Mayo Clinic Rochester,1
Mayo Medical School,1
Mbarara University Of Science And Technology,1
Mccallum Place,1
Mccormick School Of Engineering,2
Mcgill University,5
Mcgovern Medical School At Uthealth And Childrens Memorial Hermann Hospital,4
Mcgovernmedicalschool,2
Mcmaster University,1
Medical College Of Georgia,16
Medical College Of Georgia At Augusta University,1
Medical College Of Wisconsin,191
Medical University Of South Carolina,26
Meharry Medical College,8
Memorial Healthcare System,2
Memorial Sloan-Kettering Cancer Center,4
Mending Kids,1
Mercer University School Of Medicine,6
Mercy Catholic Medical Center,3
Meritus,2
Methodist Debakey Heart And Vascular Center,2
Metroderm,1
Metrohealth Medical Center,18
Metropolitan Hospital Center,2
Miami Valley Hospital,1
Michael And Dianne Biennes Comprehensive Cancer Center,3
Michael E. Debakey Va Medical Center,2
Michael E. Debakey Veterans Affairs Medical Center,3
Michigan State University,10
Midwestern University,2
Missouri State University,1
Moffitt Cancer Center And Research Institute,64
Moi Teaching And Referral Hospital,1
Monash University,3
Monmouth Medical Center,1
Monroe Carell,1
Monroe Carell Jr. Childrens Hospital At Vanderbilt,1
Moores Cancer Center,1
Morehouse School Of Medicine,5
Morristown Medical Center,1
Mount Sinai School Of Medicine,70
Mount Sinai St. Luke'S Roosevelt General Surgery Residency Program,1
Mountain Area Health Education Center,1
Mulago Hospital,3
Musc,1
Nagasaki University,3
Nagoya University,4
National Cancer Institute,12
National Institutes Of Health,3
National Taiwan University Hospital,4
National University Of Rwanda,13
Nationwide Children'S Hospital,36
Naval Medical Center Portsmouth,5
Naval Medical Center San Diego,2
Naval Medical Research Unit San Antonio,10
Nemour'S Children'S Hospital; University Of Central Florida,1
Nemours Alfred I Dupot Hospital For Children,1
Nemours Children Hospital,3
Nemours Children'S Health,2
Nemours Children'S Health System,1
Nemours Children'S Hospital,4
Nemours/Alfred I Dupont Hospital For Children,1
Nepal Medical College And Teaching Hospital,1
Neurological Institute Of Thailand,1
New Jersey Medical School,68
New York College Of Osteopathic Medicine,2
New York Institute Of Technology College Of Osteopathic Medicine,4
New York Medical College,12
New York Methodist Hospital,2
New York Presbyterian Hospital,3
New York University Langone Health,1
New York University Langone Hospital - Long Island,1
New York University School Of Medicine,38
Newyork-Presbyterian Brooklyn Methodist Hospital,3
Newyork-Presbyterian Queens Hospital,8
Niigata University Graduate School Of Medical And Dental Sciences,39
Nippon Medical School,2
Nkafu Policy Institute,2
North Florida/South Georgia Veterans Health System,1
North Shore University And Long Island Jewish Medical Center,27
North Shore University Hospital And Long Island Jewish Medical Center,1
Northern Ontario School Of Medicine,4
Northern Ontario School Of Medicine(Nosm) University,1
Northernontario School Of Medicne,1
Northshore University Health System,3
Northshore University Healthsystem,2
Northwell,1
Northwell - Staten Island University Hospital,1
Northwell Health,12
Northwell Health At Staten Island University Hospital,2
Northwell Health North Shore/Long Island Jewish Hospital,1
Northwell Health System,1
Northwell Health System - Long Island Jewish Medical Center,1
Northwell Health System North Shore Lij,2
Northwell North Shore/Long Island Jewish,2
Northwell Northshore/Long Island Jewish,1
Northwestern Memorial Hospital,1
Northwestern University,187
Northwestern University Feinberg School Of Medicine And Ann & Robert H. Lurie Childrens Hospital Of Chicago,1
Nova Southeastern University,7
Nova Southeastern University Dr Kiran C Patel College Of Allopathic Medicine,1
Nova Southeastern University Dr. Kiran C Patel College Of Allopathic Medicine,1
Noveome Biotherapeutic,1
Nsu,4
Nuvance Health,3
Nyc Health +Hospitals/ Elmhurst,1
Nyu Grossman School Of Medicine,1
Nyu Langone Health,6
Nyu Langone Hospital - Long Island,1
Nyu Langone Hospital-Brooklyn,1
Nyu Winthrop Hospital,1
Oakland University William Beaumont School Of Medicine,3
Ocala Health,1
Ocala Regional Medical Center,1
Ochsner Clinic Foundation,1
Ocshner Clinic,2
Ohio State University,171
Ohio University,3
Ohiohealth Doctors Hospital,3
Ohiohealth Grant Medical Center,29
Ohta Nishinouchi General Hospital,2
Okayama University Graduate School Of Medicine,1
Okinawa Chubu Hospital,1
Oklahoma Childrens Hospital,2
One Brooklyn Health,2
Oregon Health And Science University,26
Orlando Health,1
Orlando Regional Medical Center,6
Osaka Saiseikai-Noe Hospital,2
Osf St. Francis Medical Center,1
Ouhsc,1
Our Lady Of The Lake Regional Medical Center,3
Pacific Northwest University Of Health Sciences,1
Palmetto General Hospital- Center For Advanced Surgical Oncology,2
Panzi Hospital,1
Papageorgiou General Hospital,2
Paracelsus Medical University,3
Parkland Health And Hospital System,3
Partners In Health,5
Penn Medicine Lancaster General Health,12
Penn State Children'S Hospital,1
Penn State Hershey Medical Center,74
Pennington Biomedical Research Center,2
Pennsylvania State University College Of Medicine,1
Peter Maccallum Cancer Centre,1
Philadelphia College Of Osteopathic Medicine,4
Phoenix Children'S,3
Physiotherapy Dept. Health Sciences,1
Physis Group,1
Price Institute Of Of Surgical Research And The Section Of Colorectal Surgery,1
Price Institute Of Surgical Research,12
Primary Childrens Hospital,2
Prince Of Wales Hospital,1
Prince Sultan Military Medical City,1
Program In Global Surgery And Social Change,7
Promedica Health System,1
Providence Hospital And Medical Centers,2
Providence Portland Cancer Center,1
Qassim University,1
Qilu Hospital Of Shandong University,2
Queen Elizabeth Central Hospital,1
Queen Mary,1
R Adams Cowley Shock Trauma Center,2
Rabin Medical Center,1
Radboud University Medical Center,14
Radboudumc,15
Rady Children'S Hospital,1
Rady Children'S Hospital - San Diego,1
Rady Children'S Hospital San Diego,1
Rady Children'S Hospital/ Uc San Diego,1
Rainbow Babies And Children'S Hospital,1
Reading Hospital,2
Reid Plastic & Reconstructive Surgery,1
Rhode Island Hospital,18
Rhodes College,1
Rice University,2
Rigshospitalet,1
Riley Hospital For Children,3
Riverside University Health System,1
Robert H. Lurie Comprehensive Cancer Center,1
Robert Wood Johnson - Umdnj,21
Rocky Vista University,6
Roger Williams Medical Center,2
Roswell Park Cancer Institute,76
Roswell Park Comprehensive Cancer Center,5
Royal Free Hospital Nhs Foundation Trust,1
Royal North Shore Hospital,2
Royal Prince Alfred Hospital,1
Rush Medical College,1
Rush University Medical Center,41
Russells Hall Hospital,1
Rutgers - Njms,2
Rutgers Cancer Institute Of New Jersey,6
Rutgers Robert Wood Johnson Medical School,30
Rutgers Rwjms,1
Rutgers School Of Biomedical Sciences,1
Rutgers School Of Dental Medicine,1
Rwanda Military Hospital,2
Rwj/Barnabas Health Community Medical Center,1
Sacramento Va Medical Center,1
Sacramento Veterans Affairs Medical Center,2
Saint Agnes Hospital,5
Saint Barnabas Medical Center,19
Saint Boniface Hospital,1
Saint Elizabeth Medical Center,1
Saint James School Of Medicine,1
Saint Louis University School Of Medicine,12
Saint Mary'S Hospital,1
Samford University,1
San Antonio Military Medical Center,1
San Francisco General Hospital And The University Of California,1
San Francisco State University,1
San Joaquin General Hospital,7
Sandeman Provinical Hospital/Bolan Medical College,1
Sandman Provincial Hospital/ Bolan Medical College,4
Sapienza University Of Rome,2
Sapporo Ishiyama Hospital,1
Sapporo Medical University Hospital,1
Scott & White Healthcare,7
Scripps Health,1
Scripps Mercy Hospital Trauma Service,2
Seattle Children'S Hospital,16
Second Trial Coordinating Center,1
Sefako Makgatho Health Sciences University,1
Semmelweis University,1
Sentara Healthcare,1
Shady Side Academy,1
Sheba Medical Center,2
Shinshu Medical University,1
Shinshu University School Of Medicine,2
Shizuoka Children'S Hospital,1
Shore Regional,1
Shriners Hospitals For Children-Boston,2
Sidney Kimmel Medical College At Thomas Jefferson University,3
Simpson Querrey Institute For Bionanotechnology,1
Sinai Hospital,1
Sinai Hospital Of Baltimore,10
Singapore General Hospital,1
Singapore Health Services,1
Sky Ridge Medical Center,1
Soroti Regional Referral Hospital,1
South Auckland Clinical School,1
South Shore University Hospital,2
Southern Arizona Va Health Care System,1
Southern District Health Board,1
Southern Illinois University,1
Southern Illinois University School Of Medicine,13
Southside Hospital / Northwell Health,1
Sparrow Health Systems,2
Spectrum Health,1
Ssm Cardinal Glennon Children'S Hospital,1
St Agnes Hospital,1
St Jude Childrens Research Hospital,1
St. Christopher'S Hospital For Children,3
St. George'S University School Of Medicine,4
St. Joseph Mercy Ann Arbor,1
St. Joseph'S University Medical Center,2
St. Jude Children'S Research Hospital,4
St. Louis University,3
St. Luke'S Hospital Plaza- Kansas City,1
St. Luke'S Roosevelt Hospital Center,1
St. Luke'S University Health Network,21
St. Mary'S Hospital,3
St. Peter Specialized Hospital,1
Stanford University,204
State University Of Haiti,1
State University Of New York At Buffalo,45
State University Of New York Downstate Medical Center,14
Staten Island University Hospital,8
Staten Island University Hospital-Northwell Health,1
Stellenbosch University,3
Steven And Alexandra Cohen Children'S Medical Center,1
Steward Easton Hospital,2
Stony Brook University Medical Center,41
Stratus Center For Medical Simulation,1
Stroger Hospital Of Cook County,4
Sunnybrook Health Sciences Centre,1
Suny Downstate College Of Medicine,2
Suny Downstate Health Science Center,1
Suny Downstate Health Sciences University,26
Suny Upstate Medical University,7
Surgeons Overseas (Sos),1
Surgical Oncology Program,1
Surgical Outcomes And Quality Improvement Center (Soqic),1
Sustainable Trauma,1
Sylvester Cancer Center,1
Synvesta Vascular Care,1
Taipei Medical University - Shuang Ho Hospital,1
Targeted And Biological Therapies Group,1
Tawam Hospital,1
Teikyo University Hospital Trauma And Resuscitation Center,1
Temple University,114
Texas A&M University,2
Texas Children'S Fetal Center,1
Texas Children'S Hospital,34
Texas Health Harris Methodist Fort Worth,2
Texas Tech University Health Sciences Center,40
The Aga Khan University Hospital Karachi,3
The Alfred Hospital,8
The American British Cowdray Medical Center,2
The Austin Hospital,1
The Brookdale University Hospital And Medical Center,3
The Burn Center,1
The Center For Surgery And Health Economics,1
The Children'S Hospital Of Alabama,9
The Children'S Hospital Of Philadelphia,2
The Curtis National Hand Center,1
The Elmezzi Graduate School Of Molecular Medicine,2
The Feinstein Institute For Medical Research,7
The Feinstein Institute For Medical Research At Northwell Health,1
The First Affiliated Hospital Of China Medical University,2
The Geneva Foundation,1
The Hospital For Sick Children,3
The Jackson Laboratory For Genomic Medicine,1
The Jikei University School Of Medicine,22
The Medical Center Navicent Health,1
The Medical University Of South Carolina,5
The Mount Sinai Hospital,5
The Princess Alexandra Hospital Nhs Trust,1
The Research Institute At Nationwide Children'S Hospital,1
The Royal Marsden Nhs Foundation Trust,1
The Royal Wolverhampton Hospitals Nhs Trust,1
The University Of Hong Kong,3
The University Of Kansas Medical Center,2
The University Of Melbourne,1
The University Of Tennessee Medical Center At Knoxville,4
The University Of Texas Rio Grande Valley,1
The University Of Tokyo,1
The University Of Vermont Medical Center,1
The Warren Alpert Medical School,1
Thomas E. Starzl Transplantation Institure,2
Thomas Jefferson University,62
Tokyo Medical And Dental University,12
Tokyo Metropolitan Cancer And Infectious Diseases Center Komagome Hospital,1
Toranomon Hospital,1
Toronto Western Hospital,1
Touro University,1
Trinity College Dublin,1
Tripler Army Medical Center,1
Tsinghua University,1
Tufts Medical Center,28
Tulane University School Of Medicine,34
Uc Davis,3
Uc Riverside,1
Uc San Diego School Of Medicine,4
Ucla Core Lab,2
Ucla Fielding School Of Public Health,1
Ucsf Benioff Children'S Hospital Oakland,2
Ucsf East Bay,4
Ucsf Fresno,2
Ucsf-East Bay,1
Uf Health Shands Hospital,1
Uniformed Services University Of The Health Sciences,8
United States Air Force,1
Unitypoint Health,1
Universidad Anahuac Mexico,1
Universidad Catlica Argentina,1
Universidad De La Sabana,4
Universidad Del Azuay,1
Universidad Del Rosario,1
Universidad Industrial De Santander,1
Universidad Peruana Cayetano Heredia,1
Universidade Estadual Do Amazonas,1
Universidade Federal De Cincias Da Sade De Porto Alegre,2
Universidade Federal De Minas Gerais,2
Universide Do Estado Do Amazonas,1
Universit Catholique De Louvain,2
Universit Degli Studi Di Salerno,1
University Hospital Ibn Sina Um5,1
University Hospital Limerick,1
University Hospital Waterford,2
University Hospitals,2
University Hospitals Case Medical Center,4
University Hospitals Cleveland Medical Center,35
University Hospitials,1
University Of Abuja-Teaching Hospital,1
University Of Alabama At Birmingham,589
University Of Alberta,7
University Of Arizona,167
University Of Arkansas For Medical Sciences,32
University Of Auckland,10
University Of British Columbia,5
University Of Buea,2
University Of Calgary,4
University Of California - Berkeley,1
University Of California - Davis,32
University Of California - Irvine,49
University Of California - Los Angeles,245
University Of California - Riverside,4
University Of California - San Diego,74
University Of California - San Francisco,132
University Of California San Francisco - East Bay,8
University Of California San Francsco - East Bay,1
University Of Cambridge,12
University Of Cape Town,1
University Of Central Florida,3
University Of Central Florida College Of Medicine,2
University Of Central Florida/Hca Consortium Ocala,1
University Of Central Florida/Hca Healthcare Gme Consortium,1
University Of Central Florida/Hospital Corporation Of America,1
University Of Chicago,107
University Of Cincinnati,101
University Of Cincinnati Medical College,1
University Of Colorado Denver,182
University Of Connecticut School Of Medicine,5
University Of Edinburgh,1
University Of Flordia College Of Medicine,1
University Of Florida,179
University Of Global Health Equity,2
University Of Hawaii,4
University Of Illinois,2
University Of Illinois At Chicago,18
University Of Illinois College Of Medicine - Peoria,1
University Of Illinois College Of Medicine At Peoria,1
University Of Illinois College Of Medicine Rockford,1
University Of Iowa,63
University Of Kansas,13
University Of Kansas Health System,1
University Of Kansas Medical Center,11
University Of Kansas School Of Medicine,1
University Of Kentucky,48
University Of Louisville,71
University Of Manitoba,1
University Of Maryland,41
University Of Massachusetts Medical School,31
University Of Medicine (1),3
University Of Medicine And Dentistry Of New Jersey,1
University Of Miami,193
University Of Michigan,429
University Of Minnesota,34
University Of Mississippi,10
University Of Missouri Kansas City School Of Medicine,3
University Of Modena And Reggio Emilia,1
University Of Nebraska College Of Medicine,51
University Of Nevada,10
University Of New Mexico Hsc,20
University Of Newcastle,3
University Of Nigeria,1
University Of North Carolina At Chapel Hill,143
University Of North Carolina At Charlotte,2
University Of North Dakota,1
University Of North Dakota School Of Medicine And Health Sciences,1
University Of Oklahoma - Tulsa,1
University Of Oklahoma College Of Medicine,34
University Of Otago,1
University Of Ottawa,2
University Of Oxford,1
University Of Pittsburgh,194
University Of Port Harcourt,1
University Of Puerto Rico School Of Medicine,4
University Of Rochester,47
University Of Sao Paulo,1
University Of South Alabama,22
University Of South Dakota,1
University Of South Florida College Of Medicine,53
University Of Southern California,33
University Of Sydney,4
University Of Szeged,1
University Of Tennesse Health Sciences,1
University Of Tennessee Chattanooga,3
University Of Tennessee College Of Medicine,3
University Of Tennessee Graduate School Of Medicine,9
University Of Tennessee Health Science Center,67
University Of Tennessee Medical Canter At Knoxville,1
University Of Texas At Austin Dell Medical School,4
University Of Texas Health San Antonio,1
University Of Texas Health Science Center At Houston,169
University Of Texas Health Science Center At San Antonio,14
University Of Texas Md Anderson Cancer Center,35
University Of Texas Medical Branch,61
University Of Texas Rio Grande Valley School Of Medicine,6
University Of Texas Southwestern - Austin,1
University Of Texas Southwestern Medical Center,190
University Of The Incarnate Word School Of Osteopathic Medicine,2
University Of The Witwatersrand,2
University Of Toledo Medical Center,33
University Of Toronto,12
University Of Tripoli,2
University Of Utah,104
University Of Vermont College Of Medicine / Fletcher Allen Health Care,41
University Of Vermont Larner College Of Medicine,1
University Of Virginia,99
University Of Washington,10
University Of Wisconsin,216
University Of Wiscosin,1
University Radiology At Robert Wood Johnson,1
University Teaching Hospital Of Kigali,3
Unversity Of Kansas,2
Upmc Division Of Surgical Oncology,2
Upmc Mercy,3
Usf Health Morsani College Of Medicine,2
Ut Health San Antonio,1
Uthsc Com Chattanooga,1
Utmb,1
Utrgv School Of Medicine,1
Uvm Medical Center,1
Uw Health,1
Va New Jersey Healthcare System,1
Va New York Harbor Healthcare System,1
Va North Texas Health Care System,1
Va Northern California Health Care System,1
Va Palo Alto Healthcare Systems,4
Va Salt Lake City Health Care System,1
Va White River Junction,1
Valley Children'S Hospital,4
Valley Health System / Mcallen Medical Center,4
Valley Heart And Vascular Institute,1
Vanderbilt University Medical Center,87
Vascular Biology Program,1
Vassar Brothers Medical Center,1
Vcu Medical Center,1
Veterans Affairs Ann Arbor,1
Veterans Affairs New Jersey Health Care System,1
Vilnius University,5
Virginia Commonwealth University,47
Virginia Hospital Center,1
Virginia Tech Carilion School Of Medicine,16
Vu University Medical Center,2
Wakamatsu Hospital Of University Of Occupational And Environmental Health,1
Wake Forest University School Of Medicine,33
Wakemed Health & Hospitals,2
Walter Reed Army Medical Center,1
Walter Reed National Military Medical Center,3
Warren Alpert Medical School Of Brown University,5
Washington Hospital Center,7
Washington University In Saint Louis,1
Washington University In St. Louis,59
Wayne State University,27
Weill Cornell Medical College,48
Wellspan York Hospital,1
Wellstar Atlanta Medical Center,1
West China Hospital Of Sichuan University,1
West Virginia School Of Medicine,1
West Virginia University,16
West Virginia University School Of Medicine,3
West Virginia University/Charleston Division,1
Westchester Medical Center,16
Westchester Medical Center / New York Medical College,1
Western Michigan University,2
Western Michigan University Homer Stryker Md School Of Medicine,8
Western University Of Health Sciences,2
Westmead Hospital,5
William Beaumont Army Medical Center,3
William S. Middleton Va,3
Willis-Knighton Medical Center,1
Wolfson Children'S Hospital,1
Women And Children'S Hospital Of Buffalo,7
Wright State University,46
Xi'An Jiaotong University Second Affiliated Hospital,1
Xijing Hospital,2
Yale University School Of Medicine,182
Yokohama City University,2
York Hospital,5
Zhongshan Hospital Fudan University,4
Zucker School Of Medicine At Hofstra/Northwell,4
Zucker School Of Medicine Hofstra Northwell,1
Zucker Som At Hofstra/Northwell Health,1
